,eGRID2016 Generator file sequence number,Plant state abbreviation,Plant name,DOE/EIA ORIS plant or facility code,Generator ID,Number of associated boilers,Generator status,Generator prime mover type,Generator primary fuel,Generator nameplate capacity (MW),Generator capacity factor,Generator annual net generation (MWh),Generator ozone season net generation (MWh),Generation data source,Generator year on-line,Generator planned or actual retirement year,area,utility,latitude,longitude,state,NGCC,NGCT,Coal,Oil,Wind,SolarPV,SolarCSP,Hydro,Nuclear,Other
0,7979,ID,Albeni Falls,851,1,0,OP,HY,WAT,14,0.566,69466.667,33851,Distributed from 923 Generation And Fuel,1955,,BPAT,Bonneville Power Administration,48.180245,-116.99859,Idaho,0.0,0.0,0.0,0.0,0.0,0.0,0.0,14.0,0.0,0.0
1,7980,ID,Albeni Falls,851,2,0,OP,HY,WAT,14,0.566,69466.667,33851,Distributed from 923 Generation And Fuel,1955,,BPAT,Bonneville Power Administration,48.180245,-116.99859,Idaho,0.0,0.0,0.0,0.0,0.0,0.0,0.0,14.0,0.0,0.0
2,7981,ID,Albeni Falls,851,3,0,OP,HY,WAT,14,0.566,69466.667,33851,Distributed from 923 Generation And Fuel,1955,,BPAT,Bonneville Power Administration,48.180245,-116.99859,Idaho,0.0,0.0,0.0,0.0,0.0,0.0,0.0,14.0,0.0,0.0
3,7982,ID,Amalgamated Sugar LLC Nampa,54690,2250,0,OP,ST,NG,2.2,0.977,18827,6723.07836781609,EIA-923 Generator File,1948,,IPCO,Idaho Power Co,43.6058,-116.5753,Idaho,2.2,0.0,0.0,0.0,0.0,0.0,0.0,0.0,0.0,0.0
4,7984,ID,Amalgamated Sugar LLC Nampa,54690,6500,0,OP,ST,NG,6,0.665,34966,18335.6682758621,EIA-923 Generator File,1968,,IPCO,Idaho Power Co,43.6058,-116.5753,Idaho,6.0,0.0,0.0,0.0,0.0,0.0,0.0,0.0,0.0,0.0
5,7985,ID,Amalgamated Sugar Twin Falls,10504,1500,2,OP,ST,BIT,1.5,0.409,5371.918,821,EIA-923 Generator File,1948,,IPCO,Idaho Power Co,42.5328,-114.4328,Idaho,0.0,0.0,0.0,0.0,0.0,0.0,0.0,0.0,0.0,1.5
6,7986,ID,Amalgamated Sugar Twin Falls,10504,2500,2,OP,ST,BIT,2.5,0.63,13802.393,3587,EIA-923 Generator File,1948,,IPCO,Idaho Power Co,42.5328,-114.4328,Idaho,0.0,0.0,0.0,0.0,0.0,0.0,0.0,0.0,0.0,2.5
7,7987,ID,Amalgamated Sugar Twin Falls,10504,4000,1,OP,ST,BIT,6.2,0.604,32797.127,11727,EIA-923 Generator File,1994,,IPCO,Idaho Power Co,42.5328,-114.4328,Idaho,0.0,0.0,0.0,0.0,0.0,0.0,0.0,0.0,0.0,6.2
8,7988,ID,American Falls,809,1,0,OP,HY,WAT,30.8,0.301,81126.333,39533,Distributed from 923 Generation And Fuel,1978,,IPCO,Idaho Power Co,42.7778,-112.8764,Idaho,0.0,0.0,0.0,0.0,0.0,0.0,0.0,30.8,0.0,0.0
9,7989,ID,American Falls,809,2,0,OP,HY,WAT,30.8,0.301,81126.333,39533,Distributed from 923 Generation And Fuel,1978,,IPCO,Idaho Power Co,42.7778,-112.8764,Idaho,0.0,0.0,0.0,0.0,0.0,0.0,0.0,30.8,0.0,0.0
10,7990,ID,American Falls,809,3,0,OP,HY,WAT,30.8,0.301,81126.333,39533,Distributed from 923 Generation And Fuel,1978,,IPCO,Idaho Power Co,42.7778,-112.8764,Idaho,0.0,0.0,0.0,0.0,0.0,0.0,0.0,30.8,0.0,0.0
11,7993,ID,Anderson Ranch,6395,1,0,OP,HY,WAT,20,0.415,72697,35425.5,Distributed from 923 Generation And Fuel,1950,,BPAT,Bonneville Power Administration,43.357066,-115.451517,Idaho,0.0,0.0,0.0,0.0,0.0,0.0,0.0,20.0,0.0,0.0
12,7994,ID,Anderson Ranch,6395,2,0,OP,HY,WAT,20,0.415,72697,35425.5,Distributed from 923 Generation And Fuel,1951,,BPAT,Bonneville Power Administration,43.357066,-115.451517,Idaho,0.0,0.0,0.0,0.0,0.0,0.0,0.0,20.0,0.0,0.0
13,7995,ID,Arrowrock Hydroelectric Project,56997,1,0,OP,HY,WAT,7.5,0.508,33402.5,16277,Distributed from 923 Generation And Fuel,2010,,IPCO,Idaho Power Co,43.595,-115.9233,Idaho,0.0,0.0,0.0,0.0,0.0,0.0,0.0,7.5,0.0,0.0
14,7996,ID,Arrowrock Hydroelectric Project,56997,2,0,OP,HY,WAT,7.5,0.508,33402.5,16277,Distributed from 923 Generation And Fuel,2010,,IPCO,Idaho Power Co,43.595,-115.9233,Idaho,0.0,0.0,0.0,0.0,0.0,0.0,0.0,7.5,0.0,0.0
15,7997,ID,Ashton,825,1,0,OP,HY,WAT,2.7,0.49,11597.507,5651.463,Distributed from 923 Generation And Fuel,1917,,PACE,PacifiCorp,44.07863,-111.497326,Idaho,0.0,0.0,0.0,0.0,0.0,0.0,0.0,2.7,0.0,0.0
16,7998,ID,Ashton,825,2,0,OP,HY,WAT,2,0.49,8590.746,4186.269,Distributed from 923 Generation And Fuel,1925,,PACE,PacifiCorp,44.07863,-111.497326,Idaho,0.0,0.0,0.0,0.0,0.0,0.0,0.0,2.0,0.0,0.0
17,7999,ID,Ashton,825,3,0,OP,HY,WAT,2,0.49,8590.746,4186.269,Distributed from 923 Generation And Fuel,1925,,PACE,PacifiCorp,44.07863,-111.497326,Idaho,0.0,0.0,0.0,0.0,0.0,0.0,0.0,2.0,0.0,0.0
18,8000,ID,Bannock County LFG to Energy,59529,GEN1,0,OP,IC,LFG,1.6,0.777,10884,4570,Distributed from 923 Generation And Fuel,2014,,IPCO,Idaho Power Co,42.787778,-112.365556,Idaho,0.0,0.0,0.0,0.0,0.0,0.0,0.0,0.0,0.0,1.6
19,8001,ID,Barber Dam,10735,GEN1,0,OP,HY,WAT,4.1,0.339,12163,5927,Distributed from 923 Generation And Fuel,1990,,IPCO,Idaho Power Co,43.561001,-116.121269,Idaho,0.0,0.0,0.0,0.0,0.0,0.0,0.0,4.1,0.0,0.0
20,8002,ID,Bennett Creek Windfarm LLC,56637,1,0,OP,WT,WND,21,0.243,44697,14950,Distributed from 923 Generation And Fuel,2008,,IPCO,Idaho Power Co,43.0536,-115.4803,Idaho,0.0,0.0,0.0,0.0,21.0,0.0,0.0,0.0,0.0,0.0
21,8003,ID,Bennett Mountain,55733,1,0,OP,GT,NG,172.8,0.068,103240,89319,Distributed from 923 Generation And Fuel,2005,,IPCO,Idaho Power Co,43.147153,-115.666637,Idaho,0.0,172.8,0.0,0.0,0.0,0.0,0.0,0.0,0.0,0.0
22,8006,ID,Big Sky Dairy Digester,57393,GEN1,0,OP,IC,OBG,0.8,0.62,4346,1824.5,Distributed from 923 Generation And Fuel,2009,,IPCO,Idaho Power Co,42.8656,-114.7914,Idaho,0.0,0.0,0.0,0.0,0.0,0.0,0.0,0.0,0.0,0.8
23,8007,ID,Big Sky Dairy Digester,57393,GEN2,0,OP,IC,OBG,0.8,0.62,4346,1824.5,Distributed from 923 Generation And Fuel,2009,,IPCO,Idaho Power Co,42.8656,-114.7914,Idaho,0.0,0.0,0.0,0.0,0.0,0.0,0.0,0.0,0.0,0.8
24,8008,ID,Birch Creek Power,10140,GEN1,0,OP,HY,WAT,2.6,0.497,11317,5515,Distributed from 923 Generation And Fuel,1986,,PACE,PacifiCorp,44.027444,-112.719439,Idaho,0.0,0.0,0.0,0.0,0.0,0.0,0.0,2.6,0.0,0.0
25,8009,ID,Black Canyon,6396,1,0,OP,HY,WAT,5.1,0.7,31279.5,15242.5,Distributed from 923 Generation And Fuel,1925,,BPAT,Bonneville Power Administration,43.930462,-116.437172,Idaho,0.0,0.0,0.0,0.0,0.0,0.0,0.0,5.1,0.0,0.0
26,8010,ID,Black Canyon,6396,2,0,OP,HY,WAT,5.1,0.7,31279.5,15242.5,Distributed from 923 Generation And Fuel,1925,,BPAT,Bonneville Power Administration,43.930462,-116.437172,Idaho,0.0,0.0,0.0,0.0,0.0,0.0,0.0,5.1,0.0,0.0
27,8012,ID,Blind Canyon Hydro,54514,1,0,OP,HY,WAT,1.3,0.294,3347,1631,Distributed from 923 Generation And Fuel,1992,,IPCO,Idaho Power Co,42.69984,-114.822603,Idaho,0.0,0.0,0.0,0.0,0.0,0.0,0.0,1.3,0.0,0.0
28,8013,ID,Bliss,810,1,0,OP,HY,WAT,25,0.438,95870.667,46718,Distributed from 923 Generation And Fuel,1949,,IPCO,Idaho Power Co,42.913786,-115.070986,Idaho,0.0,0.0,0.0,0.0,0.0,0.0,0.0,25.0,0.0,0.0
29,8014,ID,Bliss,810,2,0,OP,HY,WAT,25,0.438,95870.667,46718,Distributed from 923 Generation And Fuel,1950,,IPCO,Idaho Power Co,42.913786,-115.070986,Idaho,0.0,0.0,0.0,0.0,0.0,0.0,0.0,25.0,0.0,0.0
30,8015,ID,Bliss,810,3,0,OP,HY,WAT,25,0.438,95870.667,46718,Distributed from 923 Generation And Fuel,1950,,IPCO,Idaho Power Co,42.913786,-115.070986,Idaho,0.0,0.0,0.0,0.0,0.0,0.0,0.0,25.0,0.0,0.0
31,8016,ID,Boise R Diversion,6397,1A,0,OP,HY,WAT,1.1,0.306,2949.667,1437.333,Distributed from 923 Generation And Fuel,2004,,IPCO,Idaho Power Co,43.537685,-116.093756,Idaho,0.0,0.0,0.0,0.0,0.0,0.0,0.0,1.1,0.0,0.0
32,8017,ID,Boise R Diversion,6397,2A,0,OP,HY,WAT,1.1,0.306,2949.667,1437.333,Distributed from 923 Generation And Fuel,2004,,IPCO,Idaho Power Co,43.537685,-116.093756,Idaho,0.0,0.0,0.0,0.0,0.0,0.0,0.0,1.1,0.0,0.0
33,8018,ID,Boise R Diversion,6397,3A,0,OP,HY,WAT,1.1,0.306,2949.667,1437.333,Distributed from 923 Generation And Fuel,2004,,IPCO,Idaho Power Co,43.537685,-116.093756,Idaho,0.0,0.0,0.0,0.0,0.0,0.0,0.0,1.1,0.0,0.0
34,8022,ID,Brownlee,811,1,0,OP,HY,WAT,90.1,0.393,309873.201,121199.737,Distributed from 923 Generation And Fuel,1959,,IPCO,Idaho Power Co,44.8367,-116.8975,Idaho,0.0,0.0,0.0,0.0,0.0,0.0,0.0,90.1,0.0,0.0
35,8023,ID,Brownlee,811,2,0,OP,HY,WAT,90.1,0.393,309873.201,121199.737,Distributed from 923 Generation And Fuel,1958,,IPCO,Idaho Power Co,44.8367,-116.8975,Idaho,0.0,0.0,0.0,0.0,0.0,0.0,0.0,90.1,0.0,0.0
36,8024,ID,Brownlee,811,3,0,OP,HY,WAT,90.1,0.393,309873.201,121199.737,Distributed from 923 Generation And Fuel,1958,,IPCO,Idaho Power Co,44.8367,-116.8975,Idaho,0.0,0.0,0.0,0.0,0.0,0.0,0.0,90.1,0.0,0.0
37,8025,ID,Brownlee,811,4,0,OP,HY,WAT,90.1,0.393,309873.201,121199.737,Distributed from 923 Generation And Fuel,1958,,IPCO,Idaho Power Co,44.8367,-116.8975,Idaho,0.0,0.0,0.0,0.0,0.0,0.0,0.0,90.1,0.0,0.0
38,8026,ID,Brownlee,811,5,0,OP,HY,WAT,225,0.393,773823.198,302663.051,Distributed from 923 Generation And Fuel,1980,,IPCO,Idaho Power Co,44.8367,-116.8975,Idaho,0.0,0.0,0.0,0.0,0.0,0.0,0.0,225.0,0.0,0.0
39,8027,ID,Burley Butte Windpark,56434,BBWP,0,OP,WT,WND,21.3,0.302,56379,18857,Distributed from 923 Generation And Fuel,2011,,IPCO,Idaho Power Co,42.490341,-113.926605,Idaho,0.0,0.0,0.0,0.0,21.3,0.0,0.0,0.0,0.0,0.0
40,8031,ID,BYUI Central Energy Facility,59496,ST601,0,OP,GT,NG,5.6,0.809,39699,19610,Distributed from 923 Generation And Fuel,2015,,PACE,PacifiCorp,43.816944,-111.785833,Idaho,0.0,5.6,0.0,0.0,0.0,0.0,0.0,0.0,0.0,0.0
41,8032,ID,C J Strike,812,1,0,OP,HY,WAT,27.6,0.519,125597.667,61204,Distributed from 923 Generation And Fuel,1952,,IPCO,Idaho Power Co,42.944869,-115.977858,Idaho,0.0,0.0,0.0,0.0,0.0,0.0,0.0,27.6,0.0,0.0
42,8033,ID,C J Strike,812,2,0,OP,HY,WAT,27.6,0.519,125597.667,61204,Distributed from 923 Generation And Fuel,1952,,IPCO,Idaho Power Co,42.944869,-115.977858,Idaho,0.0,0.0,0.0,0.0,0.0,0.0,0.0,27.6,0.0,0.0
43,8034,ID,C J Strike,812,3,0,OP,HY,WAT,27.6,0.519,125597.667,61204,Distributed from 923 Generation And Fuel,1952,,IPCO,Idaho Power Co,42.944869,-115.977858,Idaho,0.0,0.0,0.0,0.0,0.0,0.0,0.0,27.6,0.0,0.0
44,8035,ID,Cabinet Gorge,833,1,0,OP,HY,WAT,59.4,0.463,240998.925,102468.36,Distributed from 923 Generation And Fuel,1953,,AVA,Avista Corp,48.084444,-116.053056,Idaho,0.0,0.0,0.0,0.0,0.0,0.0,0.0,59.4,0.0,0.0
45,8036,ID,Cabinet Gorge,833,2,0,OP,HY,WAT,73.2,0.463,296988.575,126274.14,Distributed from 923 Generation And Fuel,1953,,AVA,Avista Corp,48.084444,-116.053056,Idaho,0.0,0.0,0.0,0.0,0.0,0.0,0.0,73.2,0.0,0.0
46,8037,ID,Cabinet Gorge,833,3,0,OP,HY,WAT,73.2,0.463,296988.575,126274.14,Distributed from 923 Generation And Fuel,1952,,AVA,Avista Corp,48.084444,-116.053056,Idaho,0.0,0.0,0.0,0.0,0.0,0.0,0.0,73.2,0.0,0.0
47,8038,ID,Cabinet Gorge,833,4,0,OP,HY,WAT,59.4,0.463,240998.925,102468.36,Distributed from 923 Generation And Fuel,1952,,AVA,Avista Corp,48.084444,-116.053056,Idaho,0.0,0.0,0.0,0.0,0.0,0.0,0.0,59.4,0.0,0.0
48,8039,ID,Camp Reed,57125,CRWP,0,OP,WT,WND,22.5,0.35,69005,23080,Distributed from 923 Generation And Fuel,2010,,IPCO,Idaho Power Co,42.811944,-115.048889,Idaho,0.0,0.0,0.0,0.0,22.5,0.0,0.0,0.0,0.0,0.0
49,8040,ID,Cargill B6 Biofactory,57343,1,0,OP,IC,OBG,1.1,0.47,4527,1900.5,Distributed from 923 Generation And Fuel,2009,,IPCO,Idaho Power Co,42.7167,-114.6167,Idaho,0.0,0.0,0.0,0.0,0.0,0.0,0.0,0.0,0.0,1.1
50,8041,ID,Cargill B6 Biofactory,57343,2,0,OP,IC,OBG,1.1,0.47,4527,1900.5,Distributed from 923 Generation And Fuel,2009,,IPCO,Idaho Power Co,42.7167,-114.6167,Idaho,0.0,0.0,0.0,0.0,0.0,0.0,0.0,0.0,0.0,1.1
51,8042,ID,Cargill Dry Creek Biofactory,57344,GS1,0,OP,IC,OBG,0.8,0.518,3628,1523.333,Distributed from 923 Generation And Fuel,2008,,IPCO,Idaho Power Co,42.424937,-114.229225,Idaho,0.0,0.0,0.0,0.0,0.0,0.0,0.0,0.0,0.0,0.8
52,8043,ID,Cargill Dry Creek Biofactory,57344,GS2,0,OP,IC,OBG,0.8,0.518,3628,1523.333,Distributed from 923 Generation And Fuel,2008,,IPCO,Idaho Power Co,42.424937,-114.229225,Idaho,0.0,0.0,0.0,0.0,0.0,0.0,0.0,0.0,0.0,0.8
53,8044,ID,Cargill Dry Creek Biofactory,57344,GS3,0,OP,IC,OBG,0.8,0.518,3628,1523.333,Distributed from 923 Generation And Fuel,2008,,IPCO,Idaho Power Co,42.424937,-114.229225,Idaho,0.0,0.0,0.0,0.0,0.0,0.0,0.0,0.0,0.0,0.8
54,8045,ID,Cargill Kettle Butte Biofactory,57345,1,0,OP,IC,OBG,0.9,0.398,3140,1318.5,Distributed from 923 Generation And Fuel,2011,,PACE,PacifiCorp,43.631944,-112.279722,Idaho,0.0,0.0,0.0,0.0,0.0,0.0,0.0,0.0,0.0,0.9
55,8046,ID,Cargill Kettle Butte Biofactory,57345,2,0,OP,IC,OBG,0.9,0.398,3140,1318.5,Distributed from 923 Generation And Fuel,2011,,PACE,PacifiCorp,43.631944,-112.279722,Idaho,0.0,0.0,0.0,0.0,0.0,0.0,0.0,0.0,0.0,0.9
56,8048,ID,Cascade Dam,813,1,0,OP,HY,WAT,6.2,0.389,21124,10293.5,Distributed from 923 Generation And Fuel,1984,,IPCO,Idaho Power Co,44.5256,-116.0483,Idaho,0.0,0.0,0.0,0.0,0.0,0.0,0.0,6.2,0.0,0.0
57,8049,ID,Cascade Dam,813,2,0,OP,HY,WAT,6.2,0.389,21124,10293.5,Distributed from 923 Generation And Fuel,1983,,IPCO,Idaho Power Co,44.5256,-116.0483,Idaho,0.0,0.0,0.0,0.0,0.0,0.0,0.0,6.2,0.0,0.0
58,8050,ID,Cassia Gulch,56935,1,0,OP,WT,WND,18.9,0.261,43190,14446,Distributed from 923 Generation And Fuel,2009,,IPCO,Idaho Power Co,42.8744,-115.0172,Idaho,0.0,0.0,0.0,0.0,18.9,0.0,0.0,0.0,0.0,0.0
59,8051,ID,Cassia Wind,56934,1,0,OP,WT,WND,10.5,0.266,24506,8197,Distributed from 923 Generation And Fuel,2009,,IPCO,Idaho Power Co,42.8444,-115.0369,Idaho,0.0,0.0,0.0,0.0,10.5,0.0,0.0,0.0,0.0,0.0
60,8052,ID,Chester Diversion Hydroelectric Project,56893,1,0,OP,HY,WAT,1.2,0.211,2221,1082.333,Distributed from 923 Generation And Fuel,2014,,BPAT,Fall River Rural Elec Coop Inc,44.018333,-111.583611,Idaho,0.0,0.0,0.0,0.0,0.0,0.0,0.0,1.2,0.0,0.0
61,8053,ID,Chester Diversion Hydroelectric Project,56893,2,0,OP,HY,WAT,1.2,0.211,2221,1082.333,Distributed from 923 Generation And Fuel,2014,,BPAT,Fall River Rural Elec Coop Inc,44.018333,-111.583611,Idaho,0.0,0.0,0.0,0.0,0.0,0.0,0.0,1.2,0.0,0.0
62,8054,ID,Chester Diversion Hydroelectric Project,56893,3,0,OP,HY,WAT,1.2,0.211,2221,1082.333,Distributed from 923 Generation And Fuel,2014,,BPAT,Fall River Rural Elec Coop Inc,44.018333,-111.583611,Idaho,0.0,0.0,0.0,0.0,0.0,0.0,0.0,1.2,0.0,0.0
63,8055,ID,City Power Plant,841,3,0,OP,HY,WAT,8,0.63,44131,21505,Distributed from 923 Generation And Fuel,1982,,PACE,City of Idaho Falls - (ID),43.491398,-112.04541,Idaho,0.0,0.0,0.0,0.0,0.0,0.0,0.0,8.0,0.0,0.0
64,8056,ID,Clear Lake,814,1,0,OP,HY,WAT,2.5,0.755,16538,8059,Distributed from 923 Generation And Fuel,1937,,IPCO,Idaho Power Co,42.66701,-114.78012,Idaho,0.0,0.0,0.0,0.0,0.0,0.0,0.0,2.5,0.0,0.0
65,8059,ID,Clearwater Paper IPP Lewiston,50637,GEN3,2,OP,ST,BLQ,28.8,0.85,214567,70571,EIA-923 Generator File,1981,,AVA,Avista Corp,46.423056,-116.976389,Idaho,0.0,0.0,0.0,0.0,0.0,0.0,0.0,0.0,0.0,28.8
66,8060,ID,Clearwater Paper IPP Lewiston,50637,GEN4,2,OP,ST,BLQ,65,0.355,202344,82816,EIA-923 Generator File,1991,,AVA,Avista Corp,46.423056,-116.976389,Idaho,0.0,0.0,0.0,0.0,0.0,0.0,0.0,0.0,0.0,65.0
67,8061,ID,Cold Springs Windfarm,57431,1,0,OP,WT,WND,23,0.266,53616,17933,Distributed from 923 Generation And Fuel,2012,,IPCO,Idaho Power Co,43.028056,-115.400469,Idaho,0.0,0.0,0.0,0.0,23.0,0.0,0.0,0.0,0.0,0.0
68,8063,ID,Crystal Springs,10806,GEN1,0,OP,HY,WAT,2.3,0.546,11001,5361,Distributed from 923 Generation And Fuel,1988,,IPCO,Idaho Power Co,42.622513,-114.50093,Idaho,0.0,0.0,0.0,0.0,0.0,0.0,0.0,2.3,0.0,0.0
69,8064,ID,Desert Meadow Windfarm,57430,1,0,OP,WT,WND,23,0.307,61814,20675,Distributed from 923 Generation And Fuel,2012,,IPCO,Idaho Power Co,43.056622,-115.452025,Idaho,0.0,0.0,0.0,0.0,23.0,0.0,0.0,0.0,0.0,0.0
70,8065,ID,Dietrich Drop,10807,GEN1,0,OP,HY,WAT,4.8,0.332,13946,6796,Distributed from 923 Generation And Fuel,1990,,IPCO,Idaho Power Co,42.836046,-114.267952,Idaho,0.0,0.0,0.0,0.0,0.0,0.0,0.0,4.8,0.0,0.0
71,8066,ID,Double A Digester,57425,1,0,OP,IC,OBG,1.5,0.652,8565,3596,Distributed from 923 Generation And Fuel,2011,,IPCO,Idaho Power Co,42.853942,-114.471911,Idaho,0.0,0.0,0.0,0.0,0.0,0.0,0.0,0.0,0.0,1.5
72,8067,ID,Double A Digester,57425,2,0,OP,IC,OBG,1.5,0.652,8565,3596,Distributed from 923 Generation And Fuel,2012,,IPCO,Idaho Power Co,42.853942,-114.471911,Idaho,0.0,0.0,0.0,0.0,0.0,0.0,0.0,0.0,0.0,1.5
73,8068,ID,Double A Digester,57425,3,0,OP,IC,OBG,1.5,0.652,8565,3596,Distributed from 923 Generation And Fuel,2012,,IPCO,Idaho Power Co,42.853942,-114.471911,Idaho,0.0,0.0,0.0,0.0,0.0,0.0,0.0,0.0,0.0,1.5
74,8069,ID,Dry Creek Project,54394,GEN1,0,OP,HY,WAT,3.6,0.354,11163,5440,Distributed from 923 Generation And Fuel,1987,,PACE,PacifiCorp,44.027444,-112.719439,Idaho,0.0,0.0,0.0,0.0,0.0,0.0,0.0,3.6,0.0,0.0
75,8071,ID,Dworshak,840,2,0,OP,HY,WAT,90,0.483,381079.35,223503.075,Distributed from 923 Generation And Fuel,1975,,BPAT,Bonneville Power Administration,46.5143,-116.2977,Idaho,0.0,0.0,0.0,0.0,0.0,0.0,0.0,90.0,0.0,0.0
76,8073,ID,El Dorado Hydro Elk Creek,50891,GEN1,0,OP,HY,WAT,2.6,0.095,2159,1052,Distributed from 923 Generation And Fuel,1986,,IPCO,Idaho Power Co,45.217784,-116.31577,Idaho,0.0,0.0,0.0,0.0,0.0,0.0,0.0,2.6,0.0,0.0
77,8074,ID,Evander Andrews Power Complex,7953,1,0,OP,GT,NG,179.1,0.083,130971.09,72543.103,Distributed from 923 Generation And Fuel,2008,,IPCO,Idaho Power Co,43.179176,-115.734315,Idaho,0.0,179.1,0.0,0.0,0.0,0.0,0.0,0.0,0.0,0.0
78,8075,ID,Evander Andrews Power Complex,7953,2,0,OP,GT,NG,45.9,0.083,33565.455,18591.449,Distributed from 923 Generation And Fuel,2001,,IPCO,Idaho Power Co,43.179176,-115.734315,Idaho,0.0,45.9,0.0,0.0,0.0,0.0,0.0,0.0,0.0,0.0
79,8076,ID,Evander Andrews Power Complex,7953,3,0,OP,GT,NG,45.9,0.083,33565.455,18591.449,Distributed from 923 Generation And Fuel,2001,,IPCO,Idaho Power Co,43.179176,-115.734315,Idaho,0.0,45.9,0.0,0.0,0.0,0.0,0.0,0.0,0.0,0.0
80,8077,ID,Falls River Hydro,54668,1,0,OP,HY,WAT,4.5,0.479,18875.5,9198,Distributed from 923 Generation And Fuel,1993,,BPAT,Fall River Rural Elec Coop Inc,44.0597,-111.3535,Idaho,0.0,0.0,0.0,0.0,0.0,0.0,0.0,4.5,0.0,0.0
81,8078,ID,Falls River Hydro,54668,2,0,OP,HY,WAT,4.5,0.479,18875.5,9198,Distributed from 923 Generation And Fuel,1993,,BPAT,Fall River Rural Elec Coop Inc,44.0597,-111.3535,Idaho,0.0,0.0,0.0,0.0,0.0,0.0,0.0,4.5,0.0,0.0
82,8079,ID,Fargo Drop,58384,GEN1,0,OP,HY,WAT,1.1,0.503,4847,2362,Distributed from 923 Generation And Fuel,2013,,IPCO,Idaho Power Co,43.625,-116.899722,Idaho,0.0,0.0,0.0,0.0,0.0,0.0,0.0,1.1,0.0,0.0
83,8080,ID,Felt,6359,1,0,OP,HY,WAT,2.8,0.419,10277.623,5008.348,Distributed from 923 Generation And Fuel,1986,,PACE,PacifiCorp,43.913476,-111.283319,Idaho,0.0,0.0,0.0,0.0,0.0,0.0,0.0,2.8,0.0,0.0
84,8081,ID,Felt,6359,2,0,OP,HY,WAT,2.8,0.419,10277.623,5008.348,Distributed from 923 Generation And Fuel,1986,,PACE,PacifiCorp,43.913476,-111.283319,Idaho,0.0,0.0,0.0,0.0,0.0,0.0,0.0,2.8,0.0,0.0
85,8082,ID,Felt,6359,4,0,OP,HY,WAT,0.6,0.419,2202.348,1073.217,Distributed from 923 Generation And Fuel,1946,,PACE,PacifiCorp,43.913476,-111.283319,Idaho,0.0,0.0,0.0,0.0,0.0,0.0,0.0,0.6,0.0,0.0
86,8083,ID,Felt,6359,5,0,OP,HY,WAT,0.7,0.419,2569.406,1252.087,Distributed from 923 Generation And Fuel,1947,,PACE,PacifiCorp,43.913476,-111.283319,Idaho,0.0,0.0,0.0,0.0,0.0,0.0,0.0,0.7,0.0,0.0
87,8084,ID,Felt Hydroelectric Plant,10028,GEN1,0,OP,HY,WAT,2.7,0.349,8250.324,4020.446,Distributed from 923 Generation And Fuel,1985,,PACE,PacifiCorp,43.909653,-111.285421,Idaho,0.0,0.0,0.0,0.0,0.0,0.0,0.0,2.7,0.0,0.0
88,8085,ID,Felt Hydroelectric Plant,10028,GEN2,0,OP,HY,WAT,2.7,0.349,8250.324,4020.446,Distributed from 923 Generation And Fuel,1985,,PACE,PacifiCorp,43.909653,-111.285421,Idaho,0.0,0.0,0.0,0.0,0.0,0.0,0.0,2.7,0.0,0.0
89,8088,ID,Fighting Creek LFGTE Plant,57902,G-123,0,OP,IC,LFG,1.6,0.409,5726.5,2404.5,Distributed from 923 Generation And Fuel,2012,,AVA,Kootenai Electric Cooperative,47.531667,-116.93,Idaho,0.0,0.0,0.0,0.0,0.0,0.0,0.0,0.0,0.0,1.6
90,8089,ID,Fighting Creek LFGTE Plant,57902,G-162,0,OP,IC,LFG,1.6,0.409,5726.5,2404.5,Distributed from 923 Generation And Fuel,2012,,AVA,Kootenai Electric Cooperative,47.531667,-116.93,Idaho,0.0,0.0,0.0,0.0,0.0,0.0,0.0,0.0,0.0,1.6
91,8090,ID,Ford Hydro LP,54674,GEN1,0,OP,HY,WAT,0.4,0.314,1102,537,Distributed from 923 Generation And Fuel,1988,,AVA,Avista Corp,46.383828,-115.949338,Idaho,0.0,0.0,0.0,0.0,0.0,0.0,0.0,0.4,0.0,0.0
92,8091,ID,Ford Hydro LP,54674,GEN2,0,OP,HY,WAT,0.4,0.314,1102,537,Distributed from 923 Generation And Fuel,1988,,AVA,Avista Corp,46.383828,-115.949338,Idaho,0.0,0.0,0.0,0.0,0.0,0.0,0.0,0.4,0.0,0.0
93,8092,ID,Ford Hydro LP,54674,GEN3,0,OP,HY,WAT,0.4,0.314,1102,537,Distributed from 923 Generation And Fuel,1988,,AVA,Avista Corp,46.383828,-115.949338,Idaho,0.0,0.0,0.0,0.0,0.0,0.0,0.0,0.4,0.0,0.0
94,8093,ID,Fossil Gulch,56308,1,0,OP,WT,WND,10.5,0.28,25760,8616,Distributed from 923 Generation And Fuel,2005,,IPCO,Idaho Power Co,42.858056,-114.949444,Idaho,0.0,0.0,0.0,0.0,10.5,0.0,0.0,0.0,0.0,0.0
95,8094,ID,Gem State,790,1,0,OP,HY,WAT,23.4,0.569,116563,56801,Distributed from 923 Generation And Fuel,1988,,PACE,City of Idaho Falls - (ID),43.420221,-112.101852,Idaho,0.0,0.0,0.0,0.0,0.0,0.0,0.0,23.4,0.0,0.0
96,8096,ID,Golden Valley Wind Park LLC,56435,GVWP,0,OP,WT,WND,12,0.298,31284,10464,Distributed from 923 Generation And Fuel,2011,,IPCO,Idaho Power Co,42.436804,-113.925536,Idaho,0.0,0.0,0.0,0.0,12.0,0.0,0.0,0.0,0.0,0.0
97,8097,ID,Goshen Phase II,57211,1,0,OP,WT,WND,124.5,0.283,308287,107443,Distributed from 923 Generation And Fuel,2010,,PACE,PacifiCorp,43.467057,-111.836381,Idaho,0.0,0.0,0.0,0.0,124.5,0.0,0.0,0.0,0.0,0.0
98,8098,ID,Grace,827,3,0,OP,HY,WAT,11,0.27,26024.667,12682,Distributed from 923 Generation And Fuel,1923,,PACE,PacifiCorp,42.53675,-111.793967,Idaho,0.0,0.0,0.0,0.0,0.0,0.0,0.0,11.0,0.0,0.0
99,8099,ID,Grace,827,4,0,OP,HY,WAT,11,0.27,26024.667,12682,Distributed from 923 Generation And Fuel,1923,,PACE,PacifiCorp,42.53675,-111.793967,Idaho,0.0,0.0,0.0,0.0,0.0,0.0,0.0,11.0,0.0,0.0
100,8100,ID,Grace,827,5,0,OP,HY,WAT,11,0.27,26024.667,12682,Distributed from 923 Generation And Fuel,1923,,PACE,PacifiCorp,42.53675,-111.793967,Idaho,0.0,0.0,0.0,0.0,0.0,0.0,0.0,11.0,0.0,0.0
101,8101,ID,Grand View Solar Two,60068,GVS2,0,OP,PV,SUN,60,0.005,2686.5,0,Distributed from 923 Generation And Fuel,2016,,IPCO,Idaho Power Co,42.989614,-116.093431,Idaho,0.0,0.0,0.0,0.0,0.0,60.0,0.0,0.0,0.0,0.0
102,8102,ID,Grand View Solar Two,60068,GVS5,0,OP,PV,SUN,20,0.005,895.5,0,Distributed from 923 Generation And Fuel,2016,,IPCO,Idaho Power Co,42.989614,-116.093431,Idaho,0.0,0.0,0.0,0.0,0.0,20.0,0.0,0.0,0.0,0.0
103,8103,ID,Hammett Hill Windfarm,57428,1,0,OP,WT,WND,23,0.301,60594,20267,Distributed from 923 Generation And Fuel,2012,,IPCO,Idaho Power Co,43.006133,-115.463289,Idaho,0.0,0.0,0.0,0.0,23.0,0.0,0.0,0.0,0.0,0.0
104,8104,ID,Hazelton B Hydro,54558,U1,0,OP,HY,WAT,3.8,0.335,11135.5,5426.5,Distributed from 923 Generation And Fuel,1993,,IPCO,Idaho Power Co,42.6051,-114.093,Idaho,0.0,0.0,0.0,0.0,0.0,0.0,0.0,3.8,0.0,0.0
105,8105,ID,Hazelton B Hydro,54558,U2,0,OP,HY,WAT,3.8,0.335,11135.5,5426.5,Distributed from 923 Generation And Fuel,1993,,IPCO,Idaho Power Co,42.6051,-114.093,Idaho,0.0,0.0,0.0,0.0,0.0,0.0,0.0,3.8,0.0,0.0
106,8106,ID,Head of U Canal Hydro Project,61217,HY1,0,OP,HY,WAT,1.2,0.417,4388,2138,Distributed from 923 Generation And Fuel,2015,,IPCO,Idaho Power Co,42.7628,-114.3958,Idaho,0.0,0.0,0.0,0.0,0.0,0.0,0.0,1.2,0.0,0.0
107,8107,ID,Hidden Hollow Energy,57861,UNT1,0,OP,IC,LFG,1.6,0.787,11025,4629,Distributed from 923 Generation And Fuel,2007,,IPCO,Idaho Power Co,43.697222,-116.271389,Idaho,0.0,0.0,0.0,0.0,0.0,0.0,0.0,0.0,0.0,1.6
108,8108,ID,Hidden Hollow Energy,57861,UNT2,0,OP,IC,LFG,1.6,0.787,11025,4629,Distributed from 923 Generation And Fuel,2007,,IPCO,Idaho Power Co,43.697222,-116.271389,Idaho,0.0,0.0,0.0,0.0,0.0,0.0,0.0,0.0,0.0,1.6
109,8109,ID,High Mesa,58019,1,0,OP,WT,WND,40,0.283,99294,29641,Distributed from 923 Generation And Fuel,2012,,IPCO,Idaho Power Co,42.88,-115.036667,Idaho,0.0,0.0,0.0,0.0,40.0,0.0,0.0,0.0,0.0,0.0
110,8110,ID,"Horse Butte Wind I, LLC",57890,1,0,OP,WT,WND,57.6,0.351,177234,59770,Distributed from 923 Generation And Fuel,2012,,BPAT,Bonneville Power Administration,43.386389,-111.726389,Idaho,0.0,0.0,0.0,0.0,57.6,0.0,0.0,0.0,0.0,0.0
111,8111,ID,Horseshoe Bend Hydroelectric Co,54524,GEN1,0,OP,HY,WAT,4.7,0.565,23251,11330,Distributed from 923 Generation And Fuel,1995,,IPCO,Idaho Power Co,43.904085,-116.244193,Idaho,0.0,0.0,0.0,0.0,0.0,0.0,0.0,4.7,0.0,0.0
112,8112,ID,Horseshoe Bend Hydroelectric Co,54524,GEN2,0,OP,HY,WAT,4.7,0.565,23251,11330,Distributed from 923 Generation And Fuel,1995,,IPCO,Idaho Power Co,43.904085,-116.244193,Idaho,0.0,0.0,0.0,0.0,0.0,0.0,0.0,4.7,0.0,0.0
113,8113,ID,ID Solar,60445,INV1,0,OP,PV,SUN,40,0.075,26219,14257,Distributed from 923 Generation And Fuel,2016,,IPCO,Idaho Power Co,43.444,-116.333,Idaho,0.0,0.0,0.0,0.0,0.0,40.0,0.0,0.0,0.0,0.0
114,8125,ID,Island Park,4204,HY1,0,OP,HY,WAT,2.4,0.115,2424,1181,Distributed from 923 Generation And Fuel,1994,,BPAT,Fall River Rural Elec Coop Inc,44.418293,-111.395971,Idaho,0.0,0.0,0.0,0.0,0.0,0.0,0.0,2.4,0.0,0.0
115,8126,ID,Island Park,4204,HY2,0,OP,HY,WAT,2.4,0.115,2424,1181,Distributed from 923 Generation And Fuel,1994,,BPAT,Fall River Rural Elec Coop Inc,44.418293,-111.395971,Idaho,0.0,0.0,0.0,0.0,0.0,0.0,0.0,2.4,0.0,0.0
116,8131,ID,K W Company,55007,LS1,0,OP,HY,WAT,0.1,0.307,268.571,130.857,Distributed from 923 Generation And Fuel,1985,,IPCO,Idaho Power Co,42.59483,-114.435295,Idaho,0.0,0.0,0.0,0.0,0.0,0.0,0.0,0.1,0.0,0.0
117,8132,ID,K W Company,55007,LS2,0,OP,HY,WAT,0.1,0.307,268.571,130.857,Distributed from 923 Generation And Fuel,1985,,IPCO,Idaho Power Co,42.59483,-114.435295,Idaho,0.0,0.0,0.0,0.0,0.0,0.0,0.0,0.1,0.0,0.0
118,8133,ID,K W Company,55007,LS3,0,OP,HY,WAT,0.1,0.307,268.571,130.857,Distributed from 923 Generation And Fuel,1985,,IPCO,Idaho Power Co,42.59483,-114.435295,Idaho,0.0,0.0,0.0,0.0,0.0,0.0,0.0,0.1,0.0,0.0
119,8134,ID,K W Company,55007,LS4,0,OP,HY,WAT,0.1,0.307,268.571,130.857,Distributed from 923 Generation And Fuel,1985,,IPCO,Idaho Power Co,42.59483,-114.435295,Idaho,0.0,0.0,0.0,0.0,0.0,0.0,0.0,0.1,0.0,0.0
120,8135,ID,K W Company,55007,LS5,0,OP,HY,WAT,0.1,0.307,268.571,130.857,Distributed from 923 Generation And Fuel,1985,,IPCO,Idaho Power Co,42.59483,-114.435295,Idaho,0.0,0.0,0.0,0.0,0.0,0.0,0.0,0.1,0.0,0.0
121,8136,ID,K W Company,55007,UE5,0,OP,HY,WAT,0.1,0.307,268.571,130.857,Distributed from 923 Generation And Fuel,1997,,IPCO,Idaho Power Co,42.59483,-114.435295,Idaho,0.0,0.0,0.0,0.0,0.0,0.0,0.0,0.1,0.0,0.0
122,8137,ID,K W Company,55007,UW1,0,OP,HY,WAT,0.2,0.307,537.143,261.714,Distributed from 923 Generation And Fuel,1983,,IPCO,Idaho Power Co,42.59483,-114.435295,Idaho,0.0,0.0,0.0,0.0,0.0,0.0,0.0,0.2,0.0,0.0
123,8138,ID,K W Company,55007,UW2,0,OP,HY,WAT,0.2,0.307,537.143,261.714,Distributed from 923 Generation And Fuel,1983,,IPCO,Idaho Power Co,42.59483,-114.435295,Idaho,0.0,0.0,0.0,0.0,0.0,0.0,0.0,0.2,0.0,0.0
124,8139,ID,K W Company,55007,UW3,0,OP,HY,WAT,0.2,0.307,537.143,261.714,Distributed from 923 Generation And Fuel,1983,,IPCO,Idaho Power Co,42.59483,-114.435295,Idaho,0.0,0.0,0.0,0.0,0.0,0.0,0.0,0.2,0.0,0.0
125,8140,ID,K W Company,55007,UW4,0,OP,HY,WAT,0.2,0.307,537.143,261.714,Distributed from 923 Generation And Fuel,1983,,IPCO,Idaho Power Co,42.59483,-114.435295,Idaho,0.0,0.0,0.0,0.0,0.0,0.0,0.0,0.2,0.0,0.0
126,8141,ID,Koyle Ranch Hydroelectric Project,10781,GEN1,0,OP,HY,WAT,0.2,0.293,512.462,249.692,Distributed from 923 Generation And Fuel,1983,,IPCO,Idaho Power Co,42.945664,-114.795698,Idaho,0.0,0.0,0.0,0.0,0.0,0.0,0.0,0.2,0.0,0.0
127,8142,ID,Koyle Ranch Hydroelectric Project,10781,GEN2,0,OP,HY,WAT,0.3,0.293,768.692,374.538,Distributed from 923 Generation And Fuel,1983,,IPCO,Idaho Power Co,42.945664,-114.795698,Idaho,0.0,0.0,0.0,0.0,0.0,0.0,0.0,0.3,0.0,0.0
128,8143,ID,Koyle Ranch Hydroelectric Project,10781,GEN3,0,OP,HY,WAT,0.8,0.293,2049.846,998.769,Distributed from 923 Generation And Fuel,1983,,IPCO,Idaho Power Co,42.945664,-114.795698,Idaho,0.0,0.0,0.0,0.0,0.0,0.0,0.0,0.8,0.0,0.0
129,8144,ID,Langley Gulch Power Plant,57028,GTG,0,OP,CT,NG,187,0.867,1420178,836935,EIA-923 Generator File,2012,,IPCO,Idaho Power Co,43.904444,-116.819722,Idaho,187.0,0.0,0.0,0.0,0.0,0.0,0.0,0.0,0.0,0.0
130,8145,ID,Langley Gulch Power Plant,57028,STG,1,OP,CA,NG,131.5,0,0,0,EIA-923 Generator File,2012,,IPCO,Idaho Power Co,43.904444,-116.819722,Idaho,131.5,0.0,0.0,0.0,0.0,0.0,0.0,0.0,0.0,0.0
131,8146,ID,Last Chance,987,1,0,OP,HY,WAT,0.2,0.078,136.706,66.588,Distributed from 923 Generation And Fuel,1984,,PACE,PacifiCorp,42.603349,-111.705304,Idaho,0.0,0.0,0.0,0.0,0.0,0.0,0.0,0.2,0.0,0.0
132,8147,ID,Last Chance,987,2,0,OP,HY,WAT,0.5,0.078,341.765,166.471,Distributed from 923 Generation And Fuel,1984,,PACE,PacifiCorp,42.603349,-111.705304,Idaho,0.0,0.0,0.0,0.0,0.0,0.0,0.0,0.5,0.0,0.0
133,8148,ID,Last Chance,987,3,0,OP,HY,WAT,1,0.078,683.529,332.941,Distributed from 923 Generation And Fuel,1984,,PACE,PacifiCorp,42.603349,-111.705304,Idaho,0.0,0.0,0.0,0.0,0.0,0.0,0.0,1.0,0.0,0.0
134,8149,ID,Lateral 10 Ventures,54753,GEN1,0,OP,HY,WAT,2.4,0.328,6893,3359,Distributed from 923 Generation And Fuel,1984,,IPCO,Idaho Power Co,42.647376,-114.89031,Idaho,0.0,0.0,0.0,0.0,0.0,0.0,0.0,2.4,0.0,0.0
135,8150,ID,Little Mac Project,10049,1,0,OP,HY,WAT,0.3,0.439,1152.8,561.8,Distributed from 923 Generation And Fuel,1984,,IPCO,Idaho Power Co,42.629637,-114.66162,Idaho,0.0,0.0,0.0,0.0,0.0,0.0,0.0,0.3,0.0,0.0
136,8151,ID,Little Mac Project,10049,2,0,OP,HY,WAT,0.4,0.439,1537.067,749.067,Distributed from 923 Generation And Fuel,1984,,IPCO,Idaho Power Co,42.629637,-114.66162,Idaho,0.0,0.0,0.0,0.0,0.0,0.0,0.0,0.4,0.0,0.0
137,8152,ID,Little Mac Project,10049,3,0,OP,HY,WAT,0.4,0.439,1537.067,749.067,Distributed from 923 Generation And Fuel,1984,,IPCO,Idaho Power Co,42.629637,-114.66162,Idaho,0.0,0.0,0.0,0.0,0.0,0.0,0.0,0.4,0.0,0.0
138,8153,ID,Little Mac Project,10049,4,0,OP,HY,WAT,0.4,0.439,1537.067,749.067,Distributed from 923 Generation And Fuel,1984,,IPCO,Idaho Power Co,42.629637,-114.66162,Idaho,0.0,0.0,0.0,0.0,0.0,0.0,0.0,0.4,0.0,0.0
139,8155,ID,Low Line Rapids,10808,GEN1,0,OP,HY,WAT,2.8,0.336,8238,4014,Distributed from 923 Generation And Fuel,1990,,IPCO,Idaho Power Co,42.47711,-114.380118,Idaho,0.0,0.0,0.0,0.0,0.0,0.0,0.0,2.8,0.0,0.0
140,8156,ID,Lower Malad,815,1,0,OP,HY,WAT,13.5,0.845,99957,48709,Distributed from 923 Generation And Fuel,1948,,IPCO,Idaho Power Co,42.865783,-114.906172,Idaho,0.0,0.0,0.0,0.0,0.0,0.0,0.0,13.5,0.0,0.0
141,8157,ID,Lower No 1,7012,2,0,OP,HY,WAT,8,0.593,41583,20263,Distributed from 923 Generation And Fuel,1982,,PACE,City of Idaho Falls - (ID),43.468679,-112.062499,Idaho,0.0,0.0,0.0,0.0,0.0,0.0,0.0,8.0,0.0,0.0
142,8158,ID,Lower No 2,843,1,0,OP,HY,WAT,3,0.017,453,221,Distributed from 923 Generation And Fuel,1940,,PACE,City of Idaho Falls - (ID),43.468398,-112.062602,Idaho,0.0,0.0,0.0,0.0,0.0,0.0,0.0,3.0,0.0,0.0
143,8159,ID,Lower Salmon,816,1,0,OP,HY,WAT,15,0.362,47627.25,23208.75,Distributed from 923 Generation And Fuel,1949,,IPCO,Idaho Power Co,42.841608,-114.903611,Idaho,0.0,0.0,0.0,0.0,0.0,0.0,0.0,15.0,0.0,0.0
144,8160,ID,Lower Salmon,816,2,0,OP,HY,WAT,15,0.362,47627.25,23208.75,Distributed from 923 Generation And Fuel,1949,,IPCO,Idaho Power Co,42.841608,-114.903611,Idaho,0.0,0.0,0.0,0.0,0.0,0.0,0.0,15.0,0.0,0.0
145,8161,ID,Lower Salmon,816,3,0,OP,HY,WAT,15,0.362,47627.25,23208.75,Distributed from 923 Generation And Fuel,1949,,IPCO,Idaho Power Co,42.841608,-114.903611,Idaho,0.0,0.0,0.0,0.0,0.0,0.0,0.0,15.0,0.0,0.0
146,8162,ID,Lower Salmon,816,4,0,OP,HY,WAT,15,0.362,47627.25,23208.75,Distributed from 923 Generation And Fuel,1949,,IPCO,Idaho Power Co,42.841608,-114.903611,Idaho,0.0,0.0,0.0,0.0,0.0,0.0,0.0,15.0,0.0,0.0
147,8163,ID,Lucky Peak Power Plant Project,10014,U131,0,OP,HY,WAT,45,0.384,151317.391,114606.374,Distributed from 923 Generation And Fuel,1988,,IPCO,Idaho Power Co,43.528,-116.0583,Idaho,0.0,0.0,0.0,0.0,0.0,0.0,0.0,45.0,0.0,0.0
148,8164,ID,Lucky Peak Power Plant Project,10014,U132,0,OP,HY,WAT,45,0.384,151317.391,114606.374,Distributed from 923 Generation And Fuel,1988,,IPCO,Idaho Power Co,43.528,-116.0583,Idaho,0.0,0.0,0.0,0.0,0.0,0.0,0.0,45.0,0.0,0.0
149,8165,ID,Lucky Peak Power Plant Project,10014,U133,0,OP,HY,WAT,11.2,0.384,37661.217,28524.253,Distributed from 923 Generation And Fuel,1988,,IPCO,Idaho Power Co,43.528,-116.0583,Idaho,0.0,0.0,0.0,0.0,0.0,0.0,0.0,11.2,0.0,0.0
150,8166,ID,Magic Dam Hydroelectric Project,10740,GEN1,0,OP,HY,WAT,3,0.214,5630.667,2743.667,Distributed from 923 Generation And Fuel,1989,,IPCO,Idaho Power Co,43.2547,-114.3569,Idaho,0.0,0.0,0.0,0.0,0.0,0.0,0.0,3.0,0.0,0.0
151,8167,ID,Magic Dam Hydroelectric Project,10740,GEN2,0,OP,HY,WAT,3,0.214,5630.667,2743.667,Distributed from 923 Generation And Fuel,1989,,IPCO,Idaho Power Co,43.2547,-114.3569,Idaho,0.0,0.0,0.0,0.0,0.0,0.0,0.0,3.0,0.0,0.0
152,8168,ID,Magic Dam Hydroelectric Project,10740,GEN3,0,OP,HY,WAT,3,0.214,5630.667,2743.667,Distributed from 923 Generation And Fuel,1989,,IPCO,Idaho Power Co,43.2547,-114.3569,Idaho,0.0,0.0,0.0,0.0,0.0,0.0,0.0,3.0,0.0,0.0
153,8169,ID,Mainline Windfarm,57429,1,0,OP,WT,WND,23,0.292,58880,19694,Distributed from 923 Generation And Fuel,2012,,IPCO,Idaho Power Co,43.04835,-115.412886,Idaho,0.0,0.0,0.0,0.0,23.0,0.0,0.0,0.0,0.0,0.0
154,8170,ID,Marco Ranch,50323,1,0,OP,HY,WAT,0.3,0.279,732.5,357,Distributed from 923 Generation And Fuel,1985,,IPCO,Idaho Power Co,42.636558,-114.557764,Idaho,0.0,0.0,0.0,0.0,0.0,0.0,0.0,0.3,0.0,0.0
155,8171,ID,Marco Ranch,50323,2,0,OP,HY,WAT,0.3,0.279,732.5,357,Distributed from 923 Generation And Fuel,1985,,IPCO,Idaho Power Co,42.636558,-114.557764,Idaho,0.0,0.0,0.0,0.0,0.0,0.0,0.0,0.3,0.0,0.0
156,8172,ID,Marco Ranch,50323,3,0,OP,HY,WAT,0.3,0.279,732.5,357,Distributed from 923 Generation And Fuel,1985,,IPCO,Idaho Power Co,42.636558,-114.557764,Idaho,0.0,0.0,0.0,0.0,0.0,0.0,0.0,0.3,0.0,0.0
157,8173,ID,Marco Ranch,50323,4,0,OP,HY,WAT,0.3,0.279,732.5,357,Distributed from 923 Generation And Fuel,1985,,IPCO,Idaho Power Co,42.636558,-114.557764,Idaho,0.0,0.0,0.0,0.0,0.0,0.0,0.0,0.3,0.0,0.0
158,8174,ID,Marsh Valley Development,50972,1,0,OP,HY,WAT,1.6,0.337,4729,2304,Distributed from 923 Generation And Fuel,1993,,PACE,PacifiCorp,42.625972,-112.149344,Idaho,0.0,0.0,0.0,0.0,0.0,0.0,0.0,1.6,0.0,0.0
159,8175,ID,Meadow Creek Project Company,58106,MCPC,0,OP,WT,WND,119.7,0.265,277610,98630,Distributed from 923 Generation And Fuel,2012,,PACE,PacifiCorp,43.524429,-111.803921,Idaho,0.0,0.0,0.0,0.0,119.7,0.0,0.0,0.0,0.0,0.0
160,8176,ID,Mile 28 Water Power Project,54812,1,0,OP,HY,WAT,0.7,0.377,2312.5,1127,Distributed from 923 Generation And Fuel,1994,,IPCO,Idaho Power Co,42.740139,-114.161173,Idaho,0.0,0.0,0.0,0.0,0.0,0.0,0.0,0.7,0.0,0.0
161,8177,ID,Mile 28 Water Power Project,54812,2,0,OP,HY,WAT,0.7,0.377,2312.5,1127,Distributed from 923 Generation And Fuel,1994,,IPCO,Idaho Power Co,42.740139,-114.161173,Idaho,0.0,0.0,0.0,0.0,0.0,0.0,0.0,0.7,0.0,0.0
162,8178,ID,Milner Dam Wind Park LLC,56437,MDWP,0,OP,WT,WND,19.5,0.308,52557,17579,Distributed from 923 Generation And Fuel,2011,,IPCO,Idaho Power Co,42.460629,-114.017297,Idaho,0.0,0.0,0.0,0.0,19.5,0.0,0.0,0.0,0.0,0.0
163,8179,ID,Milner Hydro,7190,1,0,OP,HY,WAT,46.6,0.053,21516.669,10485.392,Distributed from 923 Generation And Fuel,1992,,IPCO,Idaho Power Co,42.526786,-114.036889,Idaho,0.0,0.0,0.0,0.0,0.0,0.0,0.0,46.6,0.0,0.0
164,8180,ID,Milner Hydro,7190,2,0,OP,HY,WAT,12.1,0.053,5586.946,2722.602,Distributed from 923 Generation And Fuel,1992,,IPCO,Idaho Power Co,42.526786,-114.036889,Idaho,0.0,0.0,0.0,0.0,0.0,0.0,0.0,12.1,0.0,0.0
165,8182,ID,Minidoka,6398,6,0,OP,HY,WAT,2.7,0.31,7325.383,3569.653,Distributed from 923 Generation And Fuel,1927,,BPAT,Bonneville Power Administration,42.669899,-113.483175,Idaho,0.0,0.0,0.0,0.0,0.0,0.0,0.0,2.7,0.0,0.0
166,8183,ID,Minidoka,6398,7,0,OP,HY,WAT,5,0.31,13565.523,6610.469,Distributed from 923 Generation And Fuel,1942,,BPAT,Bonneville Power Administration,42.669899,-113.483175,Idaho,0.0,0.0,0.0,0.0,0.0,0.0,0.0,5.0,0.0,0.0
167,8184,ID,Minidoka,6398,8,0,OP,HY,WAT,10,0.31,27131.047,13220.939,Distributed from 923 Generation And Fuel,1997,,BPAT,Bonneville Power Administration,42.669899,-113.483175,Idaho,0.0,0.0,0.0,0.0,0.0,0.0,0.0,10.0,0.0,0.0
168,8185,ID,Minidoka,6398,9,0,OP,HY,WAT,10,0.31,27131.047,13220.939,Distributed from 923 Generation And Fuel,1997,,BPAT,Bonneville Power Administration,42.669899,-113.483175,Idaho,0.0,0.0,0.0,0.0,0.0,0.0,0.0,10.0,0.0,0.0
169,8186,ID,Mink Creek Hydro,10325,GEN1,0,OP,HY,WAT,3.1,0.342,9290,4527,Distributed from 923 Generation And Fuel,1986,,PACE,PacifiCorp,42.260844,-111.665589,Idaho,0.0,0.0,0.0,0.0,0.0,0.0,0.0,3.1,0.0,0.0
170,8187,ID,Mora Drop Hydroelectric Project,56498,1,0,OP,HY,WAT,1.7,0.325,4847,2362,Distributed from 923 Generation And Fuel,2006,,IPCO,Idaho Power Co,43.460012,-116.47254,Idaho,0.0,0.0,0.0,0.0,0.0,0.0,0.0,1.7,0.0,0.0
171,8188,ID,Mountain Home,56636,1,0,OP,WT,WND,21,0.222,40876,13672,Distributed from 923 Generation And Fuel,2008,,IPCO,Idaho Power Co,43.0272,-115.4656,Idaho,0.0,0.0,0.0,0.0,21.0,0.0,0.0,0.0,0.0,0.0
172,8189,ID,Moyie Springs,6506,1,0,OP,HY,WAT,1,0.886,7765.128,3783.846,Distributed from 923 Generation And Fuel,1941,,BPAT,City of Bonners Ferry,48.7339,-116.1752,Idaho,0.0,0.0,0.0,0.0,0.0,0.0,0.0,1.0,0.0,0.0
173,8190,ID,Moyie Springs,6506,2,0,OP,HY,WAT,0.4,0.886,3106.051,1513.538,Distributed from 923 Generation And Fuel,1921,,BPAT,City of Bonners Ferry,48.7339,-116.1752,Idaho,0.0,0.0,0.0,0.0,0.0,0.0,0.0,0.4,0.0,0.0
174,8191,ID,Moyie Springs,6506,3,0,OP,HY,WAT,1,0.886,7765.128,3783.846,Distributed from 923 Generation And Fuel,1950,,BPAT,City of Bonners Ferry,48.7339,-116.1752,Idaho,0.0,0.0,0.0,0.0,0.0,0.0,0.0,1.0,0.0,0.0
175,8192,ID,Moyie Springs,6506,4,0,OP,HY,WAT,1.5,0.886,11647.692,5675.769,Distributed from 923 Generation And Fuel,1982,,BPAT,City of Bonners Ferry,48.7339,-116.1752,Idaho,0.0,0.0,0.0,0.0,0.0,0.0,0.0,1.5,0.0,0.0
176,8195,ID,Notch Butte Hydro,50718,HYD1,0,OP,HY,WAT,1,0.352,3082,1502,Distributed from 923 Generation And Fuel,1986,,IPCO,Idaho Power Co,42.954384,-114.462563,Idaho,0.0,0.0,0.0,0.0,0.0,0.0,0.0,1.0,0.0,0.0
177,8196,ID,Oneida,829,1,0,OP,HY,WAT,10,0.152,13284.667,6473.667,Distributed from 923 Generation And Fuel,1915,,PACE,PacifiCorp,42.267774,-111.748531,Idaho,0.0,0.0,0.0,0.0,0.0,0.0,0.0,10.0,0.0,0.0
178,8197,ID,Oneida,829,2,0,OP,HY,WAT,10,0.152,13284.667,6473.667,Distributed from 923 Generation And Fuel,1916,,PACE,PacifiCorp,42.267774,-111.748531,Idaho,0.0,0.0,0.0,0.0,0.0,0.0,0.0,10.0,0.0,0.0
179,8198,ID,Oneida,829,3,0,OP,HY,WAT,10,0.152,13284.667,6473.667,Distributed from 923 Generation And Fuel,1920,,PACE,PacifiCorp,42.267774,-111.748531,Idaho,0.0,0.0,0.0,0.0,0.0,0.0,0.0,10.0,0.0,0.0
180,8200,ID,Oregon Trail Wind Park,56439,OTWP,0,OP,WT,WND,13.5,0.326,38580,12904,Distributed from 923 Generation And Fuel,2011,,IPCO,Idaho Power Co,42.840556,-114.989722,Idaho,0.0,0.0,0.0,0.0,13.5,0.0,0.0,0.0,0.0,0.0
181,8201,ID,Palisades Dam,850,1,0,OP,HY,WAT,44.1,0.376,145328.75,70818.75,Distributed from 923 Generation And Fuel,1957,,BPAT,Bonneville Power Administration,43.334849,-111.205752,Idaho,0.0,0.0,0.0,0.0,0.0,0.0,0.0,44.1,0.0,0.0
182,8202,ID,Palisades Dam,850,2,0,OP,HY,WAT,44.1,0.376,145328.75,70818.75,Distributed from 923 Generation And Fuel,1957,,BPAT,Bonneville Power Administration,43.334849,-111.205752,Idaho,0.0,0.0,0.0,0.0,0.0,0.0,0.0,44.1,0.0,0.0
183,8203,ID,Palisades Dam,850,3,0,OP,HY,WAT,44.1,0.376,145328.75,70818.75,Distributed from 923 Generation And Fuel,1957,,BPAT,Bonneville Power Administration,43.334849,-111.205752,Idaho,0.0,0.0,0.0,0.0,0.0,0.0,0.0,44.1,0.0,0.0
184,8204,ID,Palisades Dam,850,4,0,OP,HY,WAT,44.1,0.376,145328.75,70818.75,Distributed from 923 Generation And Fuel,1958,,BPAT,Bonneville Power Administration,43.334849,-111.205752,Idaho,0.0,0.0,0.0,0.0,0.0,0.0,0.0,44.1,0.0,0.0
185,8205,ID,Payne's Ferry,57124,PFWP,0,OP,WT,WND,21,0.363,66766,22331,Distributed from 923 Generation And Fuel,2010,,IPCO,Idaho Power Co,42.825278,-115.010833,Idaho,0.0,0.0,0.0,0.0,21.0,0.0,0.0,0.0,0.0,0.0
186,8206,ID,Pilgrim Stage Wind Park,56440,PSWP,0,OP,WT,WND,10.5,0.338,31054,10387,Distributed from 923 Generation And Fuel,2011,,IPCO,Idaho Power Co,42.7975,-114.998611,Idaho,0.0,0.0,0.0,0.0,10.5,0.0,0.0,0.0,0.0,0.0
187,8207,ID,Plummer Cogen,55090,GEN1,0,OP,ST,WDS,6.2,0.611,33199,14247,EIA-923 Generator File,1982,,AVA,Avista Corp,47.331006,-116.890352,Idaho,0.0,0.0,0.0,0.0,0.0,0.0,0.0,0.0,0.0,6.2
188,8209,ID,Post Falls,835,1,0,OP,HY,WAT,2.2,0.696,13419.09,6539.159,Distributed from 923 Generation And Fuel,1907,,AVA,Avista Corp,47.703333,-116.953889,Idaho,0.0,0.0,0.0,0.0,0.0,0.0,0.0,2.2,0.0,0.0
189,8210,ID,Post Falls,835,2,0,OP,HY,WAT,2.2,0.696,13419.09,6539.159,Distributed from 923 Generation And Fuel,1906,,AVA,Avista Corp,47.703333,-116.953889,Idaho,0.0,0.0,0.0,0.0,0.0,0.0,0.0,2.2,0.0,0.0
190,8211,ID,Post Falls,835,3,0,OP,HY,WAT,2.2,0.696,13419.09,6539.159,Distributed from 923 Generation And Fuel,1906,,AVA,Avista Corp,47.703333,-116.953889,Idaho,0.0,0.0,0.0,0.0,0.0,0.0,0.0,2.2,0.0,0.0
191,8212,ID,Post Falls,835,4,0,OP,HY,WAT,2.2,0.696,13419.09,6539.159,Distributed from 923 Generation And Fuel,1906,,AVA,Avista Corp,47.703333,-116.953889,Idaho,0.0,0.0,0.0,0.0,0.0,0.0,0.0,2.2,0.0,0.0
192,8213,ID,Post Falls,835,5,0,OP,HY,WAT,2.2,0.696,13419.09,6539.159,Distributed from 923 Generation And Fuel,1908,,AVA,Avista Corp,47.703333,-116.953889,Idaho,0.0,0.0,0.0,0.0,0.0,0.0,0.0,2.2,0.0,0.0
193,8214,ID,Post Falls,835,6,0,OP,HY,WAT,3.5,0.696,21348.552,10403.207,Distributed from 923 Generation And Fuel,1980,,AVA,Avista Corp,47.703333,-116.953889,Idaho,0.0,0.0,0.0,0.0,0.0,0.0,0.0,3.5,0.0,0.0
194,8215,ID,Power County Wind Park North,57761,PCWPN,0,OP,WT,WND,22.5,0.324,63878,23283,Distributed from 923 Generation And Fuel,2011,,PACE,PacifiCorp,42.738889,-112.748611,Idaho,0.0,0.0,0.0,0.0,22.5,0.0,0.0,0.0,0.0,0.0
195,8216,ID,Power County Wind Park South,57760,PCWPS,0,OP,WT,WND,22.5,0.277,54521,18789,Distributed from 923 Generation And Fuel,2011,,PACE,PacifiCorp,42.703333,-112.757778,Idaho,0.0,0.0,0.0,0.0,22.5,0.0,0.0,0.0,0.0,0.0
196,8217,ID,Raft River Geothermal Power Plant,56317,1,0,OP,BT,GEO,18,0.457,71995,27647,Distributed from 923 Generation And Fuel,2008,,BPAT,Raft Rural Elec Coop Inc,42.099417,-113.38245,Idaho,0.0,0.0,0.0,0.0,0.0,0.0,0.0,0.0,0.0,18.0
197,8219,ID,Rathdrum,7456,1,0,OP,GT,NG,83.2,0.028,20307.5,10037,Distributed from 923 Generation And Fuel,1994,,AVA,Avista Corp,47.80427,-116.867312,Idaho,0.0,83.2,0.0,0.0,0.0,0.0,0.0,0.0,0.0,0.0
198,8220,ID,Rathdrum,7456,2,0,OP,GT,NG,83.2,0.028,20307.5,10037,Distributed from 923 Generation And Fuel,1994,,AVA,Avista Corp,47.80427,-116.867312,Idaho,0.0,83.2,0.0,0.0,0.0,0.0,0.0,0.0,0.0,0.0
199,8221,ID,Rathdrum Power LLC,55179,CTG1,0,OP,CT,NG,179.4,0.538,845889,306679,EIA-923 Generator File,2001,,AVA,Bonneville Power Administration,47.7858,-116.9203,Idaho,179.4,0.0,0.0,0.0,0.0,0.0,0.0,0.0,0.0,0.0
200,8222,ID,Rathdrum Power LLC,55179,STG1,1,OP,CA,NG,122.1,0.438,468215,180603,EIA-923 Generator File,2001,,AVA,Bonneville Power Administration,47.7858,-116.9203,Idaho,122.1,0.0,0.0,0.0,0.0,0.0,0.0,0.0,0.0,0.0
201,8223,ID,Rock Creek Dairy,58142,CHP1,0,OP,IC,OBG,1.6,0.479,6718,2820.5,Distributed from 923 Generation And Fuel,2012,,IPCO,Idaho Power Co,42.500278,-114.615,Idaho,0.0,0.0,0.0,0.0,0.0,0.0,0.0,0.0,0.0,1.6
202,8224,ID,Rock Creek Dairy,58142,CHP2,0,OP,IC,OBG,1.6,0.479,6718,2820.5,Distributed from 923 Generation And Fuel,2012,,IPCO,Idaho Power Co,42.500278,-114.615,Idaho,0.0,0.0,0.0,0.0,0.0,0.0,0.0,0.0,0.0,1.6
203,8225,ID,Rock Creek I,50987,GEN1,0,OP,HY,WAT,2.1,0.59,10861,5293,Distributed from 923 Generation And Fuel,1983,,IPCO,Idaho Power Co,42.632483,-114.538769,Idaho,0.0,0.0,0.0,0.0,0.0,0.0,0.0,2.1,0.0,0.0
204,8226,ID,Rock Creek II,10809,GEN1,0,OP,HY,WAT,1.9,0.438,7291,3553,Distributed from 923 Generation And Fuel,1990,,IPCO,Idaho Power Co,42.620724,-114.531489,Idaho,0.0,0.0,0.0,0.0,0.0,0.0,0.0,1.9,0.0,0.0
205,8227,ID,Rockland Wind Farm,57766,RLWF,0,OP,WT,WND,79.2,0.368,255014,72549,Distributed from 923 Generation And Fuel,2011,,IPCO,Idaho Power Co,42.674722,-112.901944,Idaho,0.0,0.0,0.0,0.0,79.2,0.0,0.0,0.0,0.0,0.0
206,8229,ID,Ryegrass Windfarm,57427,1,0,OP,WT,WND,23,0.283,57037,19077,Distributed from 923 Generation And Fuel,2012,,IPCO,Idaho Power Co,43.037147,-115.439731,Idaho,0.0,0.0,0.0,0.0,23.0,0.0,0.0,0.0,0.0,0.0
207,8233,ID,Salmon Diesel,817,1,0,OP,IC,DFO,2.5,0,10,4.5,Distributed from 923 Generation And Fuel,1967,,IPCO,Idaho Power Co,45.183368,-113.885307,Idaho,0.0,0.0,0.0,2.5,0.0,0.0,0.0,0.0,0.0,0.0
208,8234,ID,Salmon Diesel,817,2,0,OP,IC,DFO,2.5,0,10,4.5,Distributed from 923 Generation And Fuel,1967,,IPCO,Idaho Power Co,45.183368,-113.885307,Idaho,0.0,0.0,0.0,2.5,0.0,0.0,0.0,0.0,0.0,0.0
209,8235,ID,Salmon Falls Wind Park,56441,SFWP,0,OP,WT,WND,21,0.339,62402,20872,Distributed from 923 Generation And Fuel,2011,,IPCO,Idaho Power Co,42.681944,-114.989167,Idaho,0.0,0.0,0.0,0.0,21.0,0.0,0.0,0.0,0.0,0.0
210,8236,ID,Sawtooth Wind Project,57749,ST,0,OP,WT,WND,22.4,0.31,60872,20360,Distributed from 923 Generation And Fuel,2011,,IPCO,Idaho Power Co,42.982222,-115.393333,Idaho,0.0,0.0,0.0,0.0,22.4,0.0,0.0,0.0,0.0,0.0
211,8237,ID,Shoshone Falls,818,1,0,OP,HY,WAT,0.6,0.5,2628.096,1280.688,Distributed from 923 Generation And Fuel,1909,,IPCO,Idaho Power Co,42.5975,-114.4033,Idaho,0.0,0.0,0.0,0.0,0.0,0.0,0.0,0.6,0.0,0.0
212,8238,ID,Shoshone Falls,818,2,0,OP,HY,WAT,0.4,0.5,1752.064,853.792,Distributed from 923 Generation And Fuel,1907,,IPCO,Idaho Power Co,42.5975,-114.4033,Idaho,0.0,0.0,0.0,0.0,0.0,0.0,0.0,0.4,0.0,0.0
213,8239,ID,Shoshone Falls,818,3,0,OP,HY,WAT,11.5,0.5,50371.84,24546.52,Distributed from 923 Generation And Fuel,1921,,IPCO,Idaho Power Co,42.5975,-114.4033,Idaho,0.0,0.0,0.0,0.0,0.0,0.0,0.0,11.5,0.0,0.0
214,8241,ID,Simplot Leasing Don Plant,50274,GEN1,1,OP,ST,WH,15.9,0.467,65048,26785,Distributed from 923 Generation And Fuel,1986,,IPCO,Idaho Power Co,42.908412,-112.52944,Idaho,0.0,0.0,0.0,0.0,0.0,0.0,0.0,0.0,0.0,15.9
215,8242,ID,Smith Falls Hydro Project,54249,GEN1,0,OP,HY,WAT,18,0.268,42204.094,20566.299,Distributed from 923 Generation And Fuel,1990,,BPAT,City of Eugene - (OR),48.959547,-116.557375,Idaho,0.0,0.0,0.0,0.0,0.0,0.0,0.0,18.0,0.0,0.0
216,8243,ID,Smith Falls Hydro Project,54249,GEN2,0,OP,HY,WAT,18,0.268,42204.094,20566.299,Distributed from 923 Generation And Fuel,1990,,BPAT,City of Eugene - (OR),48.959547,-116.557375,Idaho,0.0,0.0,0.0,0.0,0.0,0.0,0.0,18.0,0.0,0.0
217,8244,ID,Smith Falls Hydro Project,54249,GEN3,0,OP,HY,WAT,2.1,0.268,4923.811,2399.402,Distributed from 923 Generation And Fuel,1989,,BPAT,City of Eugene - (OR),48.959547,-116.557375,Idaho,0.0,0.0,0.0,0.0,0.0,0.0,0.0,2.1,0.0,0.0
218,8245,ID,Soda,831,1,0,OP,HY,WAT,7.5,0.14,9190.862,4478.793,Distributed from 923 Generation And Fuel,1924,,PACE,PacifiCorp,42.64455,-111.696689,Idaho,0.0,0.0,0.0,0.0,0.0,0.0,0.0,7.5,0.0,0.0
219,8246,ID,Soda,831,2,0,OP,HY,WAT,7,0.14,8578.138,4180.207,Distributed from 923 Generation And Fuel,1924,,PACE,PacifiCorp,42.64455,-111.696689,Idaho,0.0,0.0,0.0,0.0,0.0,0.0,0.0,7.0,0.0,0.0
220,8247,ID,South Forks Hydro,10296,GEN1,0,OP,HY,WAT,4,0.382,13377,6518.5,Distributed from 923 Generation And Fuel,1984,,IPCO,Idaho Power Co,42.4937,-114.3102,Idaho,0.0,0.0,0.0,0.0,0.0,0.0,0.0,4.0,0.0,0.0
221,8248,ID,South Forks Hydro,10296,GEN2,0,OP,HY,WAT,4,0.382,13377,6518.5,Distributed from 923 Generation And Fuel,1984,,IPCO,Idaho Power Co,42.4937,-114.3102,Idaho,0.0,0.0,0.0,0.0,0.0,0.0,0.0,4.0,0.0,0.0
222,8249,ID,Swan Falls,819,1,0,OP,HY,WAT,12.5,0.515,56342,27455.5,Distributed from 923 Generation And Fuel,1994,,IPCO,Idaho Power Co,43.2435,-116.3791,Idaho,0.0,0.0,0.0,0.0,0.0,0.0,0.0,12.5,0.0,0.0
223,8250,ID,Swan Falls,819,2,0,OP,HY,WAT,12.5,0.515,56342,27455.5,Distributed from 923 Generation And Fuel,1994,,IPCO,Idaho Power Co,43.2435,-116.3791,Idaho,0.0,0.0,0.0,0.0,0.0,0.0,0.0,12.5,0.0,0.0
224,8251,ID,Tamarack Energy Partnership,50099,GEN1,0,OP,ST,WDS,6.2,0.484,26306,12855,EIA-923 Generator File,1983,,IPCO,Idaho Power Co,44.954853,-116.387134,Idaho,0.0,0.0,0.0,0.0,0.0,0.0,0.0,0.0,0.0,6.2
225,8254,ID,Thousand Springs,820,3,0,OP,HY,WAT,6.8,0.211,12597.773,6138.545,Distributed from 923 Generation And Fuel,1920,,IPCO,Idaho Power Co,42.740542,-114.836722,Idaho,0.0,0.0,0.0,0.0,0.0,0.0,0.0,6.8,0.0,0.0
226,8255,ID,Thousand Springs Wind Park,56442,TSWP,0,OP,WT,WND,12,0.324,34029,11382,Distributed from 923 Generation And Fuel,2011,,IPCO,Idaho Power Co,42.870278,-114.967778,Idaho,0.0,0.0,0.0,0.0,12.0,0.0,0.0,0.0,0.0,0.0
227,8256,ID,Tuana Gulch Wind Park,56443,TGWP,0,OP,WT,WND,10.5,0.329,30264,10122,Distributed from 923 Generation And Fuel,2011,,IPCO,Idaho Power Co,42.836854,-114.969342,Idaho,0.0,0.0,0.0,0.0,10.5,0.0,0.0,0.0,0.0,0.0
228,8257,ID,Tuana Springs,57136,1,0,OP,WT,WND,16.8,0.235,34629,11582,Distributed from 923 Generation And Fuel,2010,,IPCO,Idaho Power Co,42.8925,-115.0164,Idaho,0.0,0.0,0.0,0.0,16.8,0.0,0.0,0.0,0.0,0.0
229,8258,ID,Twin Falls (ID),821,1,0,OP,HY,WAT,8.4,0.085,6287.886,3064.167,Distributed from 923 Generation And Fuel,1935,,IPCO,Idaho Power Co,42.5892,-114.3553,Idaho,0.0,0.0,0.0,0.0,0.0,0.0,0.0,8.4,0.0,0.0
230,8259,ID,Twin Falls (ID),821,2,0,OP,HY,WAT,44.3,0.085,33161.114,16159.833,Distributed from 923 Generation And Fuel,1995,,IPCO,Idaho Power Co,42.5892,-114.3553,Idaho,0.0,0.0,0.0,0.0,0.0,0.0,0.0,44.3,0.0,0.0
231,8260,ID,Two Ponds Windfarm,57444,1,0,OP,WT,WND,23,0.309,62172,20795,Distributed from 923 Generation And Fuel,2012,,IPCO,Idaho Power Co,43.033781,-115.482592,Idaho,0.0,0.0,0.0,0.0,23.0,0.0,0.0,0.0,0.0,0.0
232,8273,ID,Upper Malad,823,1,0,OP,HY,WAT,8.3,0.226,16427,8005,Distributed from 923 Generation And Fuel,1948,,IPCO,Idaho Power Co,42.864267,-114.885542,Idaho,0.0,0.0,0.0,0.0,0.0,0.0,0.0,8.3,0.0,0.0
233,8274,ID,Upper Power Plant,844,4,0,OP,HY,WAT,8,0.608,42607,20762,Distributed from 923 Generation And Fuel,1982,,PACE,City of Idaho Falls - (ID),43.552695,-112.050953,Idaho,0.0,0.0,0.0,0.0,0.0,0.0,0.0,8.0,0.0,0.0
234,8275,ID,Upper Salmon A,822,1,0,OP,HY,WAT,9,0.583,45990,22411,Distributed from 923 Generation And Fuel,1937,,IPCO,Idaho Power Co,42.767422,-114.924692,Idaho,0.0,0.0,0.0,0.0,0.0,0.0,0.0,9.0,0.0,0.0
235,8276,ID,Upper Salmon A,822,2,0,OP,HY,WAT,9,0.583,45990,22411,Distributed from 923 Generation And Fuel,1937,,IPCO,Idaho Power Co,42.767422,-114.924692,Idaho,0.0,0.0,0.0,0.0,0.0,0.0,0.0,9.0,0.0,0.0
236,8277,ID,Upper Salmon B,7079,1,0,OP,HY,WAT,8.2,0.587,42134.085,20531.806,Distributed from 923 Generation And Fuel,1947,,IPCO,Idaho Power Co,42.766397,-114.908236,Idaho,0.0,0.0,0.0,0.0,0.0,0.0,0.0,8.2,0.0,0.0
237,8278,ID,Upper Salmon B,7079,2,0,OP,HY,WAT,8.3,0.587,42647.915,20782.194,Distributed from 923 Generation And Fuel,1947,,IPCO,Idaho Power Co,42.766397,-114.908236,Idaho,0.0,0.0,0.0,0.0,0.0,0.0,0.0,8.3,0.0,0.0
238,8279,ID,Wilson Lake Hydroelectric Project,54306,1,0,OP,HY,WAT,4.2,0.352,12966.5,6318.5,Distributed from 923 Generation And Fuel,1993,,IPCO,Idaho Power Co,42.628889,-114.174722,Idaho,0.0,0.0,0.0,0.0,0.0,0.0,0.0,4.2,0.0,0.0
239,8280,ID,Wilson Lake Hydroelectric Project,54306,2,0,OP,HY,WAT,4.2,0.352,12966.5,6318.5,Distributed from 923 Generation And Fuel,1993,,IPCO,Idaho Power Co,42.628889,-114.174722,Idaho,0.0,0.0,0.0,0.0,0.0,0.0,0.0,4.2,0.0,0.0
240,8281,ID,Wolverine Creek,56301,1,0,OP,WT,WND,64.5,0.309,174811,61170,Distributed from 923 Generation And Fuel,2006,,PACE,PacifiCorp,43.4195,-111.8294,Idaho,0.0,0.0,0.0,0.0,64.5,0.0,0.0,0.0,0.0,0.0
241,8282,ID,Yahoo Creek,57126,YCWP,0,OP,WT,WND,21,0.363,66803,22344,Distributed from 923 Generation And Fuel,2010,,IPCO,Idaho Power Co,42.770833,-114.988611,Idaho,0.0,0.0,0.0,0.0,21.0,0.0,0.0,0.0,0.0,0.0
